case_id,algorithm,selected_item_ids_checksum,median_wall_runtime_seconds_level_03,median_used_container_count_level_03,median_total_container_cost_level_03,level_id_level_03,median_wall_runtime_seconds_level_04,median_used_container_count_level_04,median_total_container_cost_level_04,level_id_level_04,median_wall_runtime_seconds_level_05,median_used_container_count_level_05,median_total_container_cost_level_05,level_id,level_04_vs_03_runtime_ratio,level_05_vs_04_runtime_ratio,level_04_minus_03_containers,level_05_minus_04_containers
random_random_s1009_i100,extreme_point_best_fit,37450de20deb61df179aa4bc93c7befcb368ae1d204b6f87d43fb7c895fe4d22,1.2212977999879513,5.0,10000.0,level_03,1.7867342999961693,5.0,10000.0,level_04,1.9124018999864347,5.0,10000.0,level_05,1.4629800364937988,1.070333680833538,0.0,0.0
random_random_s1009_i100,extreme_point_ffd,37450de20deb61df179aa4bc93c7befcb368ae1d204b6f87d43fb7c895fe4d22,1.1394269000156785,5.0,10000.0,level_03,1.5437748999975156,5.0,10000.0,level_04,1.5334308999881614,5.0,10000.0,level_05,1.3548696278596488,0.9932995412677257,0.0,0.0
random_random_s1009_i100,maximal_space_best_fit,37450de20deb61df179aa4bc93c7befcb368ae1d204b6f87d43fb7c895fe4d22,1.086425599991344,5.0,10000.0,level_03,1.1092628999904264,5.0,10000.0,level_04,1.381032100005541,5.0,10000.0,level_05,1.0210205834612738,1.244999810250086,0.0,0.0
random_random_s1009_i20,extreme_point_best_fit,7078c3cd48699f24a1e60afe165da179fb15f0347f6483fa5a04a9de643d5fd4,0.3682021000131499,1.0,2000.0,level_03,0.3174357000098098,2.0,4000.0,level_04,0.5700121000118088,2.0,4000.0,level_05,0.8621235457333702,1.7956773607826515,1.0,0.0
random_random_s1009_i20,extreme_point_ffd,7078c3cd48699f24a1e60afe165da179fb15f0347f6483fa5a04a9de643d5fd4,0.3369255999859888,1.0,2000.0,level_03,0.3114749999949708,2.0,4000.0,level_04,0.5622305999859236,2.0,4000.0,level_05,0.9244622551920175,1.8050585119030471,1.0,0.0
random_random_s1009_i20,maximal_space_best_fit,7078c3cd48699f24a1e60afe165da179fb15f0347f6483fa5a04a9de643d5fd4,0.3380188999872189,1.0,2000.0,level_03,0.3057644999935291,2.0,4000.0,level_04,0.5537821000034455,2.0,4000.0,level_05,0.9045781168008376,1.8111392918902136,1.0,0.0
random_random_s1009_i200,extreme_point_best_fit,db73a9699e14c08a3d425ce60dcdccfae4fb0ceb9e32a12d800756d656d1a95c,2.6981555000238586,8.0,16000.0,level_03,4.03237229998922,10.0,20000.0,level_04,7.5465949999925215,10.0,20000.0,level_05,1.4944921817714225,1.8715025395876013,2.0,0.0
random_random_s1009_i200,extreme_point_ffd,db73a9699e14c08a3d425ce60dcdccfae4fb0ceb9e32a12d800756d656d1a95c,2.4696763000101782,8.0,16000.0,level_03,3.3225187999778427,10.0,20000.0,level_04,5.855595600005472,10.0,20000.0,level_05,1.3453256201892327,1.7623965288155847,2.0,0.0
random_random_s1009_i200,maximal_space_best_fit,db73a9699e14c08a3d425ce60dcdccfae4fb0ceb9e32a12d800756d656d1a95c,1.966465600009542,8.0,16000.0,level_03,1.7025998999888543,9.0,18000.0,level_04,3.0254380999831483,9.0,18000.0,level_05,0.8658172815128791,1.7769518839998486,1.0,0.0
random_random_s1009_i300,extreme_point_best_fit,8ab58e990bad2612280acaa4dfdbaec15a176c25211c644ec1a0891515de08cc,4.981043300009333,12.0,24000.0,level_03,8.207253699976718,13.0,26000.0,level_04,9.004794000007678,13.0,26000.0,level_05,1.647697722274637,1.09717505138573,1.0,0.0
random_random_s1009_i300,extreme_point_ffd,8ab58e990bad2612280acaa4dfdbaec15a176c25211c644ec1a0891515de08cc,4.480926599993836,12.0,24000.0,level_03,7.358397399977548,13.0,26000.0,level_04,7.362190300016664,13.0,26000.0,level_05,1.6421597711481528,1.0005154519160826,1.0,0.0
random_random_s1009_i300,maximal_space_best_fit,8ab58e990bad2612280acaa4dfdbaec15a176c25211c644ec1a0891515de08cc,3.372434199991403,12.0,24000.0,level_03,4.781899599998724,12.0,24000.0,level_04,4.852542200009339,12.0,24000.0,level_05,1.4179371090504638,1.0147729157698404,0.0,0.0
random_random_s1009_i50,extreme_point_best_fit,eb1b372f39f25ea61c2dca49092e2175f49b8be70b4fbc3c0acb8d02ea23a49d,0.5788246000010986,2.0,4000.0,level_03,0.5823458000086248,3.0,6000.0,level_04,0.9998865999805276,3.0,6000.0,level_05,1.0060833627449828,1.7169980447454398,1.0,0.0
random_random_s1009_i50,extreme_point_ffd,eb1b372f39f25ea61c2dca49092e2175f49b8be70b4fbc3c0acb8d02ea23a49d,0.5662652000028174,2.0,4000.0,level_03,0.4870340000197757,3.0,6000.0,level_04,0.8447199999936856,3.0,6000.0,level_05,0.8600811069042429,1.7344168989421402,1.0,0.0
random_random_s1009_i50,maximal_space_best_fit,eb1b372f39f25ea61c2dca49092e2175f49b8be70b4fbc3c0acb8d02ea23a49d,0.6334965999994893,3.0,6000.0,level_03,0.4612598000094294,3.0,6000.0,level_04,0.8157242000161204,3.0,6000.0,level_05,0.7281172464221611,1.7684701766758015,0.0,0.0
random_random_s1009_i500,extreme_point_best_fit,a62c8164d9e9eb4a09808d94c3d17bef9ed152260f00d08ff0bd752cd1d622b8,10.113022700010331,20.0,40000.0,level_03,17.44879550000769,22.0,44000.0,level_04,11.60667179999291,22.0,44000.0,level_05,1.7253788523573537,0.6651846999976471,2.0,0.0
random_random_s1009_i500,extreme_point_ffd,a62c8164d9e9eb4a09808d94c3d17bef9ed152260f00d08ff0bd752cd1d622b8,9.272447499999544,20.0,40000.0,level_03,15.60041009998531,22.0,44000.0,level_04,9.618994799995562,22.0,44000.0,level_05,1.6824479297387318,0.616586021671611,2.0,0.0
random_random_s1009_i500,maximal_space_best_fit,a62c8164d9e9eb4a09808d94c3d17bef9ed152260f00d08ff0bd752cd1d622b8,5.333486799994716,19.0,38000.0,level_03,8.033684800000628,20.0,40000.0,level_04,8.307366799999727,20.0,40000.0,level_05,1.506272557008782,1.0340668082968698,1.0,0.0
random_random_s101_i100,extreme_point_best_fit,5ee5b5f96448d303090a1a2eba5468c3f218e32f6bda379c014a76ba239aef29,1.1686176999937743,4.0,8000.0,level_03,1.1447218999965116,5.0,10000.0,level_04,2.224220999982208,5.0,10000.0,level_05,0.9795520810634736,1.9430230171965663,1.0,0.0
random_random_s101_i100,extreme_point_ffd,5ee5b5f96448d303090a1a2eba5468c3f218e32f6bda379c014a76ba239aef29,1.1076955999888014,4.0,8000.0,level_03,0.9783930999983568,5.0,10000.0,level_04,1.0429951999976763,5.0,10000.0,level_05,0.8832689233470352,1.0660287771851908,1.0,0.0
random_random_s101_i100,maximal_space_best_fit,5ee5b5f96448d303090a1a2eba5468c3f218e32f6bda379c014a76ba239aef29,0.9719066999969072,4.0,8000.0,level_03,0.8648572000092827,4.0,8000.0,level_04,0.9369644999969752,4.0,8000.0,level_05,0.8898561971144296,1.0833748045190796,0.0,0.0
random_random_s101_i20,extreme_point_best_fit,f834eebbbbc51dcb54a17e8ceb8c9971d919c09551f135d951bd090e358f574c,0.3356679999851621,1.0,2000.0,level_03,0.3310686999757308,2.0,4000.0,level_04,0.3363144999893848,2.0,4000.0,level_05,0.9862980683007179,1.0158450497254452,1.0,0.0
random_random_s101_i20,extreme_point_ffd,f834eebbbbc51dcb54a17e8ceb8c9971d919c09551f135d951bd090e358f574c,0.36624760000268,1.0,2000.0,level_03,0.3055584999965504,2.0,4000.0,level_04,0.3168136000167578,2.0,4000.0,level_05,0.8342948868315164,1.0368345178430136,1.0,0.0
random_random_s101_i20,maximal_space_best_fit,f834eebbbbc51dcb54a17e8ceb8c9971d919c09551f135d951bd090e358f574c,0.3944847999955527,1.0,2000.0,level_03,0.2969021000026259,2.0,4000.0,level_04,0.2866530999890528,2.0,4000.0,level_05,0.7526325475809793,0.9654802036985173,1.0,0.0
random_random_s101_i200,extreme_point_best_fit,4e2f532f16ebe2aa2e56946e8b4dd95ba949c69c2997705122e254ebba86b4aa,2.698094499995932,8.0,16000.0,level_03,3.695186700002523,9.0,18000.0,level_04,7.656118999992032,10.0,20000.0,level_05,1.3695542168771682,2.0719166909717455,1.0,1.0
random_random_s101_i200,extreme_point_ffd,4e2f532f16ebe2aa2e56946e8b4dd95ba949c69c2997705122e254ebba86b4aa,2.392778500012355,8.0,16000.0,level_03,3.158271899999818,9.0,18000.0,level_04,3.741033199999947,9.0,18000.0,level_05,1.3199182038719883,1.1845190403018064,1.0,0.0
random_random_s101_i200,maximal_space_best_fit,4e2f532f16ebe2aa2e56946e8b4dd95ba949c69c2997705122e254ebba86b4aa,2.232346500008134,8.0,16000.0,level_03,1.9140020000049844,9.0,18000.0,level_04,2.6610846999974456,9.0,18000.0,level_05,0.8573946741681949,1.390324931734928,1.0,0.0
random_random_s101_i300,extreme_point_best_fit,5937519482888b254fd122cbb3ca6874d28ca0b65d67b0eff0e5bfa2fab5d2ec,4.780643100006273,12.0,24000.0,level_03,4.9107017000205815,13.0,26000.0,level_04,9.0337435999827,13.0,26000.0,level_05,1.0272052519490815,1.8396034114523465,1.0,0.0
random_random_s101_i300,extreme_point_ffd,5937519482888b254fd122cbb3ca6874d28ca0b65d67b0eff0e5bfa2fab5d2ec,4.193994399975054,12.0,24000.0,level_03,5.783898699999554,13.0,26000.0,level_04,7.47666760001448,13.0,26000.0,level_05,1.3790907064716054,1.2926691817778648,1.0,0.0
random_random_s101_i300,maximal_space_best_fit,5937519482888b254fd122cbb3ca6874d28ca0b65d67b0eff0e5bfa2fab5d2ec,2.98252560000401,11.0,22000.0,level_03,2.9728365000046324,12.0,24000.0,level_04,4.769832999998471,12.0,24000.0,level_05,0.9967513774234278,1.6044720252832734,1.0,0.0
random_random_s101_i50,extreme_point_best_fit,d8fca5cd578864e2bedf283611b1cb9fcd6c1b0a53182b845906ed575a26fa4a,0.5239326999871992,2.0,4000.0,level_03,0.6168288000044413,3.0,6000.0,level_04,1.137242700002389,3.0,6000.0,level_05,1.1773054058651269,1.8436926096741926,1.0,0.0
random_random_s101_i50,extreme_point_ffd,d8fca5cd578864e2bedf283611b1cb9fcd6c1b0a53182b845906ed575a26fa4a,0.5083282999985386,2.0,4000.0,level_03,0.5291259000077844,3.0,6000.0,level_04,0.8901406000077259,3.0,6000.0,level_05,1.040913716606582,1.6822850667386162,1.0,0.0
random_random_s101_i50,maximal_space_best_fit,d8fca5cd578864e2bedf283611b1cb9fcd6c1b0a53182b845906ed575a26fa4a,0.5273336000100244,2.0,4000.0,level_03,0.4944369999866467,3.0,6000.0,level_04,0.9622466000146233,3.0,6000.0,level_05,0.9376170985069938,1.9461460207076144,1.0,0.0
random_random_s101_i500,extreme_point_best_fit,d2120740bbda34b2323282cfb0072af260f5082835bae8f3c105e2338720d918,10.320979200012516,20.0,40000.0,level_03,13.497508500004187,21.0,42000.0,level_04,18.40770539999357,21.0,42000.0,level_05,1.307774023998403,1.3637854275096668,1.0,0.0
random_random_s101_i500,extreme_point_ffd,d2120740bbda34b2323282cfb0072af260f5082835bae8f3c105e2338720d918,8.941800800006604,20.0,40000.0,level_03,15.30288639999344,21.0,42000.0,level_04,13.933757399994647,21.0,42000.0,level_05,1.7113875316907237,0.9105313230320145,1.0,0.0
random_random_s101_i500,maximal_space_best_fit,d2120740bbda34b2323282cfb0072af260f5082835bae8f3c105e2338720d918,5.355111500015482,20.0,40000.0,level_03,7.256898199993884,21.0,42000.0,level_04,7.482674400001997,21.0,42000.0,level_05,1.355134846393563,1.0311119425663575,1.0,0.0
random_random_s211_i100,extreme_point_best_fit,2ce2a689c69412576a88b8ec7faec1518cf6a7dc1f5c30ffc81c95850ad86e54,1.1701167999999598,4.0,8000.0,level_03,1.1523029999807477,5.0,10000.0,level_04,1.3013481999805665,5.0,10000.0,level_05,0.984776049690755,1.1293454933314493,1.0,0.0
random_random_s211_i100,extreme_point_ffd,2ce2a689c69412576a88b8ec7faec1518cf6a7dc1f5c30ffc81c95850ad86e54,1.0335620999976527,4.0,8000.0,level_03,1.0137057999963872,5.0,10000.0,level_04,1.083236999984365,5.0,10000.0,level_05,0.9807884789880448,1.0685911040345488,1.0,0.0
random_random_s211_i100,maximal_space_best_fit,2ce2a689c69412576a88b8ec7faec1518cf6a7dc1f5c30ffc81c95850ad86e54,0.9557942999817896,4.0,8000.0,level_03,0.8527059000043664,5.0,10000.0,level_04,0.8981674999813549,5.0,10000.0,level_05,0.8921437384807722,1.0533145132181632,1.0,0.0
random_random_s211_i20,extreme_point_best_fit,c04ebcba10e993e4890edb440078b21f4a79d34cc2232989a5de2041243d03d7,0.3555548000149429,1.0,2000.0,level_03,0.4205874000035692,2.0,4000.0,level_04,0.3557866000046488,2.0,4000.0,level_05,1.182904576132549,0.8459278618466209,1.0,0.0
random_random_s211_i20,extreme_point_ffd,c04ebcba10e993e4890edb440078b21f4a79d34cc2232989a5de2041243d03d7,0.3565441000100691,1.0,2000.0,level_03,0.4195292000076733,2.0,4000.0,level_04,0.4709924999915529,2.0,4000.0,level_05,1.1766544446979363,1.1226691729275062,1.0,0.0
random_random_s211_i20,maximal_space_best_fit,c04ebcba10e993e4890edb440078b21f4a79d34cc2232989a5de2041243d03d7,0.3546450000139884,1.0,2000.0,level_03,0.4992733999970369,2.0,4000.0,level_04,0.5278431999904569,2.0,4000.0,level_05,1.4078117553535052,1.0572227560963383,1.0,0.0
random_random_s211_i200,extreme_point_best_fit,2d82f708a930cdf44029210e003eda22af2b4fde346b87ee125af96d9c96c413,2.880774499994004,8.0,16000.0,level_03,3.5276774999802,9.0,18000.0,level_04,5.487633900018409,9.0,18000.0,level_05,1.2245587080792135,1.5555939850083262,1.0,0.0
random_random_s211_i200,extreme_point_ffd,2d82f708a930cdf44029210e003eda22af2b4fde346b87ee125af96d9c96c413,2.67752689999179,8.0,16000.0,level_03,3.0823765999812167,9.0,18000.0,level_04,4.360155800008215,9.0,18000.0,level_05,1.1512028506569507,1.4145435051754496,1.0,0.0
random_random_s211_i200,maximal_space_best_fit,2d82f708a930cdf44029210e003eda22af2b4fde346b87ee125af96d9c96c413,2.1969617000140715,7.0,14000.0,level_03,2.3205739999830257,8.0,16000.0,level_04,3.09925870000734,8.0,16000.0,level_05,1.0562651137560397,1.335556935495274,1.0,0.0
random_random_s211_i300,extreme_point_best_fit,25dfd69657bedd98d82c0dd23680d191a9471562a50bef90d739c272d630d181,4.913063400017563,12.0,24000.0,level_03,5.215724999987288,13.0,26000.0,level_04,9.621978200011654,13.0,26000.0,level_05,1.0616034386954263,1.8448016718740163,1.0,0.0
random_random_s211_i300,extreme_point_ffd,25dfd69657bedd98d82c0dd23680d191a9471562a50bef90d739c272d630d181,4.449624000000767,12.0,24000.0,level_03,5.534347200009506,13.0,26000.0,level_04,7.547871799994027,13.0,26000.0,level_05,1.2437786203977126,1.363823324995053,1.0,0.0
random_random_s211_i300,maximal_space_best_fit,25dfd69657bedd98d82c0dd23680d191a9471562a50bef90d739c272d630d181,3.182695199997397,12.0,24000.0,level_03,3.879824400006328,12.0,24000.0,level_04,5.054235699994024,12.0,24000.0,level_05,1.219037374364187,1.3026970241193856,0.0,0.0
random_random_s211_i50,extreme_point_best_fit,f917c3960908363275da9ac0afda62afb5f07db3834eeb35babb00b485e04d65,0.563151000009384,2.0,4000.0,level_03,0.5721243999723811,3.0,6000.0,level_04,1.0306338999944271,3.0,6000.0,level_05,1.0159342697834994,1.8014157411293423,1.0,0.0
random_random_s211_i50,extreme_point_ffd,f917c3960908363275da9ac0afda62afb5f07db3834eeb35babb00b485e04d65,0.5420064000063576,2.0,4000.0,level_03,0.5136248000198975,3.0,6000.0,level_04,0.9172045000013896,3.0,6000.0,level_05,0.9476360426996302,1.7857480790761227,1.0,0.0
random_random_s211_i50,maximal_space_best_fit,f917c3960908363275da9ac0afda62afb5f07db3834eeb35babb00b485e04d65,0.5138005999906454,2.0,4000.0,level_03,0.4013993999978993,2.0,4000.0,level_04,0.7147880999837071,2.0,4000.0,level_05,0.7812357556709888,1.7807403299243791,0.0,0.0
random_random_s211_i500,extreme_point_best_fit,b6673c2177ca1e31adc17c6db32eca29edc096b39b4f2d8dfc96bc65b3ce1e00,10.369591800001215,20.0,40000.0,level_03,17.065920000022743,21.0,42000.0,level_04,14.886239500017837,21.0,42000.0,level_05,1.6457658439381135,0.8722787578986658,1.0,0.0
random_random_s211_i500,extreme_point_ffd,b6673c2177ca1e31adc17c6db32eca29edc096b39b4f2d8dfc96bc65b3ce1e00,9.231039299978876,20.0,40000.0,level_03,16.242196099978173,21.0,42000.0,level_04,12.215191199997207,21.0,42000.0,level_05,1.7595197650188035,0.7520652456605682,1.0,0.0
random_random_s211_i500,maximal_space_best_fit,b6673c2177ca1e31adc17c6db32eca29edc096b39b4f2d8dfc96bc65b3ce1e00,5.51986199998646,19.0,38000.0,level_03,8.780888699984644,20.0,40000.0,level_04,7.69522429999779,21.0,42000.0,level_05,1.59078047603476,0.8763605328480303,1.0,1.0
random_random_s307_i100,extreme_point_best_fit,f56146b195e5c2512a543fcd1c552540984c5d12e4dd7ef8f232cb42df3e94d4,0.9055861000088044,4.0,8000.0,level_03,1.279099800012773,5.0,10000.0,level_04,2.3597127000102773,5.0,10000.0,level_05,1.4124552044254401,1.8448229762734023,1.0,0.0
random_random_s307_i100,extreme_point_ffd,f56146b195e5c2512a543fcd1c552540984c5d12e4dd7ef8f232cb42df3e94d4,0.8255326000216883,4.0,8000.0,level_03,1.0771952999930363,5.0,10000.0,level_04,1.837942500016652,5.0,10000.0,level_05,1.304848893871346,1.7062295946041852,1.0,0.0
random_random_s307_i100,maximal_space_best_fit,f56146b195e5c2512a543fcd1c552540984c5d12e4dd7ef8f232cb42df3e94d4,0.8474126000073738,4.0,8000.0,level_03,0.9259229999734088,5.0,10000.0,level_04,1.72223130002385,5.0,10000.0,level_05,1.0926471944898528,1.8600156817287292,1.0,0.0
random_random_s307_i20,extreme_point_best_fit,aaef9c735f92f5effb58f4774022b408d701221462b35acf5b74a25137fde645,0.349485899991123,1.0,2000.0,level_03,0.4915209999890066,2.0,4000.0,level_04,0.6082059000036679,2.0,4000.0,level_05,1.4064115319144244,1.2373955538365016,1.0,0.0
random_random_s307_i20,extreme_point_ffd,aaef9c735f92f5effb58f4774022b408d701221462b35acf5b74a25137fde645,0.3399564000137616,1.0,2000.0,level_03,0.5026388000114821,2.0,4000.0,level_04,0.5830694000178482,2.0,4000.0,level_05,1.4785390126237807,1.1600166958948033,1.0,0.0
random_random_s307_i20,maximal_space_best_fit,aaef9c735f92f5effb58f4774022b408d701221462b35acf5b74a25137fde645,0.3715714999998454,1.0,2000.0,level_03,0.497804000013275,2.0,4000.0,level_04,0.6063688999856822,2.0,4000.0,level_05,1.339726001626826,1.218087640857671,1.0,0.0
random_random_s307_i200,extreme_point_best_fit,a1e5f9dcfaf36fb582a8e223f8ea903f35d7a0e86d43567259805862cf8394ca,2.3877517000073567,8.0,16000.0,level_03,2.3098524999804795,9.0,18000.0,level_04,4.3559343999950215,9.0,18000.0,level_05,0.9673755022238547,1.8858063014984001,1.0,0.0
random_random_s307_i200,extreme_point_ffd,a1e5f9dcfaf36fb582a8e223f8ea903f35d7a0e86d43567259805862cf8394ca,2.1195736000081524,8.0,16000.0,level_03,2.346158500004094,9.0,18000.0,level_04,3.388205499999458,9.0,18000.0,level_05,1.1069011710634018,1.4441502993056716,1.0,0.0
random_random_s307_i200,maximal_space_best_fit,a1e5f9dcfaf36fb582a8e223f8ea903f35d7a0e86d43567259805862cf8394ca,1.8035175999975763,8.0,16000.0,level_03,1.5079838999954518,8.0,16000.0,level_04,1.710954700014554,9.0,18000.0,level_05,0.8361348400467389,1.1345974582485359,0.0,1.0
random_random_s307_i300,extreme_point_best_fit,34e2b3fd3a57480a49cfac1799ea2e23f747e3ccd15ebd6ddddf73fb830ae17e,4.951139600016177,12.0,24000.0,level_03,5.936816600005841,14.0,28000.0,level_04,8.9482091999962,14.0,28000.0,level_05,1.1990808338319614,1.507240294400773,2.0,0.0
random_random_s307_i300,extreme_point_ffd,34e2b3fd3a57480a49cfac1799ea2e23f747e3ccd15ebd6ddddf73fb830ae17e,4.414947599987499,12.0,24000.0,level_03,7.105905400007032,14.0,28000.0,level_04,7.234511599992402,14.0,28000.0,level_05,1.609510699521587,1.0180984959334307,2.0,0.0
random_random_s307_i300,maximal_space_best_fit,34e2b3fd3a57480a49cfac1799ea2e23f747e3ccd15ebd6ddddf73fb830ae17e,3.0483065000153147,11.0,22000.0,level_03,4.428383299993584,13.0,26000.0,level_04,5.07581609999761,13.0,26000.0,level_05,1.4527355762851721,1.146200713927578,2.0,0.0
random_random_s307_i50,extreme_point_best_fit,de70b382d9f63cd9c8706e4decd6455ded36492c78fb59cec7ea8b0b08fdf776,0.634223800007021,3.0,6000.0,level_03,0.5576491999963764,3.0,6000.0,level_04,0.7540818999987096,3.0,6000.0,level_05,0.8792624937604093,1.3522513795475894,0.0,0.0
random_random_s307_i50,extreme_point_ffd,de70b382d9f63cd9c8706e4decd6455ded36492c78fb59cec7ea8b0b08fdf776,0.6142815999919549,3.0,6000.0,level_03,0.5078821000060998,3.0,6000.0,level_04,0.948755399993388,3.0,6000.0,level_05,0.8267903515468337,1.8680622923745358,0.0,0.0
random_random_s307_i50,maximal_space_best_fit,de70b382d9f63cd9c8706e4decd6455ded36492c78fb59cec7ea8b0b08fdf776,0.4742228999966755,2.0,4000.0,level_03,0.4736101999878883,3.0,6000.0,level_04,0.8425380999979097,3.0,6000.0,level_05,0.9987079915187742,1.7789694985865088,1.0,0.0
random_random_s307_i500,extreme_point_best_fit,4f42526a4f53c0d8335823615e25b0516287cd7d7b43eda779f4b5f60083abd8,10.435524400003487,20.0,40000.0,level_03,16.156202000012854,22.0,44000.0,level_04,17.673841700016055,22.0,44000.0,level_05,1.5481926332334057,1.0939354249223916,2.0,0.0
random_random_s307_i500,extreme_point_ffd,4f42526a4f53c0d8335823615e25b0516287cd7d7b43eda779f4b5f60083abd8,9.588028700003631,20.0,40000.0,level_03,12.790291899989825,22.0,44000.0,level_04,13.369048399996244,22.0,44000.0,level_05,1.3339855668126004,1.0452496709638721,2.0,0.0
random_random_s307_i500,maximal_space_best_fit,4f42526a4f53c0d8335823615e25b0516287cd7d7b43eda779f4b5f60083abd8,6.114815999986604,19.0,38000.0,level_03,5.564894199982518,20.0,40000.0,level_04,8.12142350000795,20.0,40000.0,level_05,0.9100673184597394,1.4594030377133607,1.0,0.0
random_random_s401_i100,extreme_point_best_fit,8fd1c2d36ff88b69645ead28016adc6f82aa9725b4930400f32a6594e8c47ebb,1.2236414999933911,4.0,8000.0,level_03,1.1514764000021387,5.0,10000.0,level_04,1.9118672999902628,5.0,10000.0,level_05,0.9410243114575289,1.6603616886865522,1.0,0.0
random_random_s401_i100,extreme_point_ffd,8fd1c2d36ff88b69645ead28016adc6f82aa9725b4930400f32a6594e8c47ebb,1.1431617999915034,4.0,8000.0,level_03,1.0095793000073172,5.0,10000.0,level_04,1.7565398000006098,5.0,10000.0,level_05,0.8831464627446622,1.739873034231069,1.0,0.0
random_random_s401_i100,maximal_space_best_fit,8fd1c2d36ff88b69645ead28016adc6f82aa9725b4930400f32a6594e8c47ebb,0.9702414000057616,4.0,8000.0,level_03,0.8393816000025254,5.0,10000.0,level_04,1.4930774999957066,5.0,10000.0,level_05,0.8651265551001439,1.7787827371855833,1.0,0.0
random_random_s401_i20,extreme_point_best_fit,7b8a1b06e6ba119bd52548c254a71719334a0bda5b18ff8f8baac6b983d6209f,0.3426838000013958,1.0,2000.0,level_03,0.4893310999905225,2.0,4000.0,level_04,0.6292460999975447,2.0,4000.0,level_05,1.4279376497766436,1.2859311415312293,1.0,0.0
random_random_s401_i20,extreme_point_ffd,7b8a1b06e6ba119bd52548c254a71719334a0bda5b18ff8f8baac6b983d6209f,0.3380745000031311,1.0,2000.0,level_03,0.5305532999918796,2.0,4000.0,level_04,0.5442131000163499,2.0,4000.0,level_05,1.5693384150149325,1.0257463293974034,1.0,0.0
random_random_s401_i20,maximal_space_best_fit,7b8a1b06e6ba119bd52548c254a71719334a0bda5b18ff8f8baac6b983d6209f,0.34480779999285,1.0,2000.0,level_03,0.4981185999931767,2.0,4000.0,level_04,0.5328547999961302,2.0,4000.0,level_05,1.444626832697827,1.0697347981051688,1.0,0.0
random_random_s401_i200,extreme_point_best_fit,0880a936ad7f47c2bbb0b7510ebce62bb2e832aa5deb0098c527fdc4fd9879c4,2.683856499992544,8.0,16000.0,level_03,2.5282369000196923,9.0,18000.0,level_04,3.0681828999950085,9.0,18000.0,level_05,0.9420164230191578,1.2135662207806202,1.0,0.0
random_random_s401_i200,extreme_point_ffd,0880a936ad7f47c2bbb0b7510ebce62bb2e832aa5deb0098c527fdc4fd9879c4,2.5320117000082973,8.0,16000.0,level_03,2.370083199988585,9.0,18000.0,level_04,5.777082500018878,10.0,20000.0,level_05,0.9360474914001456,2.4375019830724516,1.0,1.0
random_random_s401_i200,maximal_space_best_fit,0880a936ad7f47c2bbb0b7510ebce62bb2e832aa5deb0098c527fdc4fd9879c4,1.9496620999998413,8.0,16000.0,level_03,1.7705625999951735,8.0,16000.0,level_04,2.112596899998607,8.0,16000.0,level_05,0.9081381845578871,1.1931783151888367,0.0,0.0
random_random_s401_i300,extreme_point_best_fit,82529483a8078729c2ab0dcdc800f769c60ea3ac2d0503f00a4c1a4fe1f8f285,4.744852300005732,12.0,24000.0,level_03,8.2632930999971,13.0,26000.0,level_04,5.853435199998785,13.0,26000.0,level_05,1.7415279923438538,0.7083659176994266,1.0,0.0
random_random_s401_i300,extreme_point_ffd,82529483a8078729c2ab0dcdc800f769c60ea3ac2d0503f00a4c1a4fe1f8f285,4.512773099995684,12.0,24000.0,level_03,6.964261400018586,13.0,26000.0,level_04,4.506606000009924,13.0,26000.0,level_05,1.5432332283724273,0.6471046592245802,1.0,0.0
random_random_s401_i300,maximal_space_best_fit,82529483a8078729c2ab0dcdc800f769c60ea3ac2d0503f00a4c1a4fe1f8f285,3.189982100011548,12.0,24000.0,level_03,2.814843999978621,12.0,24000.0,level_04,2.910717899998417,12.0,24000.0,level_05,0.8824011896394124,1.0340601113314003,0.0,0.0
random_random_s401_i50,extreme_point_best_fit,bd9526412cf30b462b14980b23ec834d3450b6e182c8c17092af731030f95158,0.5109468000009656,2.0,4000.0,level_03,0.5598545999964699,3.0,6000.0,level_04,0.9758856999978888,3.0,6000.0,level_05,1.0957199457857685,1.7431056206451498,1.0,0.0
random_random_s401_i50,extreme_point_ffd,bd9526412cf30b462b14980b23ec834d3450b6e182c8c17092af731030f95158,0.4925881000235677,2.0,4000.0,level_03,0.4948356999957468,3.0,6000.0,level_04,0.836290100007318,3.0,6000.0,level_05,1.0045628385502443,1.6900359048761155,1.0,0.0
random_random_s401_i50,maximal_space_best_fit,bd9526412cf30b462b14980b23ec834d3450b6e182c8c17092af731030f95158,0.4935276000178419,2.0,4000.0,level_03,0.4676669000182301,3.0,6000.0,level_04,0.8054998000152409,3.0,6000.0,level_05,0.947600296318429,1.7223793259344242,1.0,0.0
random_random_s401_i500,extreme_point_best_fit,436332a6f07f7fc5a06838e747921688522a0cfa35e1168fcf93d508e17ab861,8.107450300012715,19.0,38000.0,level_03,15.745379700005287,22.0,44000.0,level_04,16.707265600009123,22.0,44000.0,level_05,1.9420877239272862,1.0610900415442832,3.0,0.0
random_random_s401_i500,extreme_point_ffd,436332a6f07f7fc5a06838e747921688522a0cfa35e1168fcf93d508e17ab861,7.075132500001928,19.0,38000.0,level_03,23.03440990002128,22.0,44000.0,level_04,21.43013630001224,22.0,44000.0,level_05,3.2556860101227794,0.930353171321851,3.0,0.0
random_random_s401_i500,maximal_space_best_fit,436332a6f07f7fc5a06838e747921688522a0cfa35e1168fcf93d508e17ab861,4.846251299983123,19.0,38000.0,level_03,7.978224199992837,20.0,40000.0,level_04,7.055038699996658,20.0,40000.0,level_05,1.6462671261023176,0.8842868441830691,1.0,0.0
random_random_s503_i100,extreme_point_best_fit,f42767ce5898a4457e585edcdee7d4918dab5ea23b7cabbefeea0b62685eb758,1.1964634000032677,5.0,10000.0,level_03,1.527469399996335,6.0,12000.0,level_04,2.824783199990634,6.0,12000.0,level_05,1.2766536778242972,1.8493222842941481,1.0,0.0
random_random_s503_i100,extreme_point_ffd,f42767ce5898a4457e585edcdee7d4918dab5ea23b7cabbefeea0b62685eb758,1.0760010999802034,5.0,10000.0,level_03,0.9298665999958756,5.0,10000.0,level_04,1.5748047000088263,5.0,10000.0,level_05,0.8641874065119297,1.6935813158745687,0.0,0.0
random_random_s503_i100,maximal_space_best_fit,f42767ce5898a4457e585edcdee7d4918dab5ea23b7cabbefeea0b62685eb758,0.9539784000080545,4.0,8000.0,level_03,0.8030810999916866,5.0,10000.0,level_04,1.3041941999981643,5.0,10000.0,level_05,0.8418231481812442,1.6239881626048291,1.0,0.0
random_random_s503_i20,extreme_point_best_fit,f10a03ae003bbf6ca5045f2f1a84674b2b27f85b712bbc55394f93c40c235a8f,0.3583006999979261,1.0,2000.0,level_03,0.4432776000176091,2.0,4000.0,level_04,0.5803813000093214,2.0,4000.0,level_05,1.2371664359577719,1.309295348978306,1.0,0.0
random_random_s503_i20,extreme_point_ffd,f10a03ae003bbf6ca5045f2f1a84674b2b27f85b712bbc55394f93c40c235a8f,0.3377841000037733,1.0,2000.0,level_03,0.3148161999997683,2.0,4000.0,level_04,0.5519295000121929,2.0,4000.0,level_05,0.932004200305022,1.7531801095769504,1.0,0.0
random_random_s503_i20,maximal_space_best_fit,f10a03ae003bbf6ca5045f2f1a84674b2b27f85b712bbc55394f93c40c235a8f,0.349585299991304,1.0,2000.0,level_03,0.3017047999892384,2.0,4000.0,level_04,0.5358754000044428,2.0,4000.0,level_05,0.8630362889879619,1.7761580194400524,1.0,0.0
random_random_s503_i200,extreme_point_best_fit,7e83f19d0607c6604ae4d1aa1e571e686043da36944e3ac3a0f56fe80491741d,2.76531239997712,8.0,16000.0,level_03,2.534827299998142,9.0,18000.0,level_04,2.8046597999928053,9.0,18000.0,level_05,0.9166513338670578,1.106450052828002,1.0,0.0
random_random_s503_i200,extreme_point_ffd,7e83f19d0607c6604ae4d1aa1e571e686043da36944e3ac3a0f56fe80491741d,2.6323762999963947,8.0,16000.0,level_03,2.293401500006439,9.0,18000.0,level_04,2.342698199994629,9.0,18000.0,level_05,0.8712285929673429,1.021495015150226,1.0,0.0
random_random_s503_i200,maximal_space_best_fit,7e83f19d0607c6604ae4d1aa1e571e686043da36944e3ac3a0f56fe80491741d,1.9288779000053184,9.0,18000.0,level_03,1.95206650000182,9.0,18000.0,level_04,1.896938499994576,9.0,18000.0,level_05,1.0120218081177859,0.971759158815956,0.0,0.0
random_random_s503_i300,extreme_point_best_fit,bef4e1c4b073b1c68c3bb67fd8f900f650902c4b17c0051d4357e95b0f6eed53,4.796054399979767,12.0,24000.0,level_03,4.979053600021871,13.0,26000.0,level_04,9.22033250000095,14.0,28000.0,level_05,1.0381561977368055,1.8518243105397478,1.0,1.0
random_random_s503_i300,extreme_point_ffd,bef4e1c4b073b1c68c3bb67fd8f900f650902c4b17c0051d4357e95b0f6eed53,4.313581299997168,12.0,24000.0,level_03,4.441906100022607,14.0,28000.0,level_04,7.210411899985047,14.0,28000.0,level_05,1.0297490162120102,1.623269771494798,2.0,0.0
random_random_s503_i300,maximal_space_best_fit,bef4e1c4b073b1c68c3bb67fd8f900f650902c4b17c0051d4357e95b0f6eed53,3.0584052999911364,13.0,26000.0,level_03,2.763736200024141,13.0,26000.0,level_04,5.146853199985344,13.0,26000.0,level_05,0.9036526977088847,1.862280922448527,0.0,0.0
random_random_s503_i50,extreme_point_best_fit,f23972afaf65a749e1dfc1f698b5a8bc7776955debfdeb95b2039228f4a8a366,0.5137394000194035,2.0,4000.0,level_03,0.5728161000006367,4.0,8000.0,level_04,1.0576426000043284,4.0,8000.0,level_05,1.1149935161270517,1.8463911890799733,2.0,0.0
random_random_s503_i50,extreme_point_ffd,f23972afaf65a749e1dfc1f698b5a8bc7776955debfdeb95b2039228f4a8a366,0.4558851000037975,2.0,4000.0,level_03,0.526791799988132,4.0,8000.0,level_04,0.9381354999786709,4.0,8000.0,level_05,1.1555363401518142,1.7808468165218327,2.0,0.0
random_random_s503_i50,maximal_space_best_fit,f23972afaf65a749e1dfc1f698b5a8bc7776955debfdeb95b2039228f4a8a366,0.5783610000216868,3.0,6000.0,level_03,0.4772554000082891,3.0,6000.0,level_04,0.8404339000117034,3.0,6000.0,level_05,0.8251859997309525,1.7609730555109624,0.0,0.0
random_random_s503_i500,extreme_point_best_fit,52ef47bcbc9b36aaaf9894afdc2212c1792b42d577c116a1b2d0cc91d4e0ad66,10.1742602000013,20.0,40000.0,level_03,17.980770299996948,21.0,42000.0,level_04,14.919412099989133,21.0,42000.0,level_05,1.7672803669788837,0.8297426556854277,1.0,0.0
random_random_s503_i500,extreme_point_ffd,52ef47bcbc9b36aaaf9894afdc2212c1792b42d577c116a1b2d0cc91d4e0ad66,10.096212999982528,20.0,40000.0,level_03,15.751360099995509,21.0,42000.0,level_04,10.361123599985149,21.0,42000.0,level_05,1.560125573818893,0.6577923134388949,1.0,0.0
random_random_s503_i500,maximal_space_best_fit,52ef47bcbc9b36aaaf9894afdc2212c1792b42d577c116a1b2d0cc91d4e0ad66,5.469626399979461,20.0,40000.0,level_03,8.921030900004553,21.0,42000.0,level_04,5.896290900011081,21.0,42000.0,level_05,1.6310128421272159,0.6609427728815592,1.0,0.0
random_random_s601_i100,extreme_point_best_fit,aa10709381ed18392917ca5cb690152e44de90af34a25c2b5c81fc4e9d0add60,1.2157803000009153,4.0,8000.0,level_03,1.1766408999974374,5.0,10000.0,level_04,1.3671366999915335,5.0,10000.0,level_05,0.9678071770011009,1.161897992832402,1.0,0.0
random_random_s601_i100,extreme_point_ffd,aa10709381ed18392917ca5cb690152e44de90af34a25c2b5c81fc4e9d0add60,1.1292114999960177,4.0,8000.0,level_03,0.9855127999908292,5.0,10000.0,level_04,1.0595421000034548,5.0,10000.0,level_05,0.8727442113318052,1.0751175428805333,1.0,0.0
random_random_s601_i100,maximal_space_best_fit,aa10709381ed18392917ca5cb690152e44de90af34a25c2b5c81fc4e9d0add60,1.014858100010315,4.0,8000.0,level_03,0.8398829000070691,5.0,10000.0,level_04,1.1963396000210196,5.0,10000.0,level_05,0.8275865364808466,1.4244123794054508,1.0,0.0
random_random_s601_i20,extreme_point_best_fit,215047c1b71fc5ba8abe8e4aef4f13c5f5b2e034bdce1f1248e9bfa8563facc6,0.3328356999845709,1.0,2000.0,level_03,0.338870899984613,2.0,4000.0,level_04,0.6419489000109024,2.0,4000.0,level_05,1.0181326702644033,1.8943759999458532,1.0,0.0
random_random_s601_i20,extreme_point_ffd,215047c1b71fc5ba8abe8e4aef4f13c5f5b2e034bdce1f1248e9bfa8563facc6,0.335180299996864,1.0,2000.0,level_03,0.312596499978099,2.0,4000.0,level_04,0.5697071999893524,2.0,4000.0,level_05,0.9326219350630801,1.8225002520158315,1.0,0.0
random_random_s601_i20,maximal_space_best_fit,215047c1b71fc5ba8abe8e4aef4f13c5f5b2e034bdce1f1248e9bfa8563facc6,0.3521752000087872,1.0,2000.0,level_03,0.2904797000228427,2.0,4000.0,level_04,0.5429127999814227,2.0,4000.0,level_05,0.8248158871368423,1.8690214839065493,1.0,0.0
random_random_s601_i200,extreme_point_best_fit,1eff53fa0cb2724235f0921653a67f3fe26091c42a8e865b1c2450481990730a,2.7706615999923088,8.0,16000.0,level_03,4.387402399996063,9.0,18000.0,level_04,4.913284000009298,10.0,20000.0,level_05,1.583521567559258,1.1198617204598573,1.0,1.0
random_random_s601_i200,extreme_point_ffd,1eff53fa0cb2724235f0921653a67f3fe26091c42a8e865b1c2450481990730a,2.5792054000194184,8.0,16000.0,level_03,3.630898999981582,10.0,20000.0,level_04,3.695426599995699,10.0,20000.0,level_05,1.4077587616535874,1.0177717970162332,2.0,0.0
random_random_s601_i200,maximal_space_best_fit,1eff53fa0cb2724235f0921653a67f3fe26091c42a8e865b1c2450481990730a,1.9247667000163349,8.0,16000.0,level_03,1.7610793999920134,9.0,18000.0,level_04,1.9790303999907335,9.0,18000.0,level_05,0.9149573296218537,1.1237598940738893,1.0,0.0
random_random_s601_i300,extreme_point_best_fit,a9580bdf01738fac432b847306ce821a21e41111eb0fcd995a4bfad8617d1870,4.908795499999542,12.0,24000.0,level_03,4.845770500018261,13.0,26000.0,level_04,8.594284799997695,13.0,26000.0,level_05,0.9871608014672263,1.7735641421658965,1.0,0.0
random_random_s601_i300,extreme_point_ffd,a9580bdf01738fac432b847306ce821a21e41111eb0fcd995a4bfad8617d1870,4.4512678000028245,12.0,24000.0,level_03,4.266175800003111,13.0,26000.0,level_04,7.148473300010664,13.0,26000.0,level_05,0.9584181387604682,1.6756162040967582,1.0,0.0
random_random_s601_i300,maximal_space_best_fit,a9580bdf01738fac432b847306ce821a21e41111eb0fcd995a4bfad8617d1870,3.404170399997384,11.0,22000.0,level_03,2.8813335000013467,12.0,24000.0,level_04,4.942962300003273,12.0,24000.0,level_05,0.8464128293940753,1.715512036354335,1.0,0.0
random_random_s601_i50,extreme_point_best_fit,85466c75daa176d55bd00b63f55c7a2442d19df5ddac6c1b9cd8ac9d74f8d488,0.5045629999949597,2.0,4000.0,level_03,0.5479372999980114,3.0,6000.0,level_04,1.0087576999794692,3.0,6000.0,level_05,1.0859640917060607,1.8410093636318063,1.0,0.0
random_random_s601_i50,extreme_point_ffd,85466c75daa176d55bd00b63f55c7a2442d19df5ddac6c1b9cd8ac9d74f8d488,0.4667087999987416,2.0,4000.0,level_03,0.4841081000049598,3.0,6000.0,level_04,0.8217597000184469,3.0,6000.0,level_05,1.0372808483711151,1.6974714945071727,1.0,0.0
random_random_s601_i50,maximal_space_best_fit,85466c75daa176d55bd00b63f55c7a2442d19df5ddac6c1b9cd8ac9d74f8d488,0.4610536000109277,2.0,4000.0,level_03,0.3855380000022705,2.0,4000.0,level_04,0.6552838000061456,2.0,4000.0,level_05,0.8362108006382178,1.6996607338376153,0.0,0.0
random_random_s601_i500,extreme_point_best_fit,a11e07a85ce08d2386f6ca612e5e01665c36918913019e943abb12607fa0ce59,10.352425699995363,20.0,40000.0,level_03,17.577759000007063,22.0,44000.0,level_04,11.39116960001411,22.0,44000.0,level_05,1.6979362624176995,0.6480444748394566,2.0,0.0
random_random_s601_i500,extreme_point_ffd,a11e07a85ce08d2386f6ca612e5e01665c36918913019e943abb12607fa0ce59,9.33997110000928,20.0,40000.0,level_03,16.504864900023676,22.0,44000.0,level_04,9.699932799994713,22.0,44000.0,level_05,1.7671216241779677,0.5877014358342793,2.0,0.0
random_random_s601_i500,maximal_space_best_fit,a11e07a85ce08d2386f6ca612e5e01665c36918913019e943abb12607fa0ce59,5.802481799997622,19.0,38000.0,level_03,5.742917399998987,20.0,40000.0,level_04,5.771441500022775,20.0,40000.0,level_05,0.9897346683623102,1.0049668309740607,1.0,0.0
random_random_s701_i100,extreme_point_best_fit,cd94f743ef2657b0921ccd79e1d8d0df9229e122b557f17d4fea62c0d67154f4,1.1936778000090271,4.0,8000.0,level_03,1.6691332000191323,6.0,12000.0,level_04,2.4863713000086136,6.0,12000.0,level_05,1.3983113366157178,1.489618264126622,2.0,0.0
random_random_s701_i100,extreme_point_ffd,cd94f743ef2657b0921ccd79e1d8d0df9229e122b557f17d4fea62c0d67154f4,1.0860134999966249,4.0,8000.0,level_03,1.3811408999899868,6.0,12000.0,level_04,2.3527080999920145,6.0,12000.0,level_05,1.27175297544117,1.703452631088596,2.0,0.0
random_random_s701_i100,maximal_space_best_fit,cd94f743ef2657b0921ccd79e1d8d0df9229e122b557f17d4fea62c0d67154f4,1.0795452000165824,4.0,8000.0,level_03,0.8794440999918152,5.0,10000.0,level_04,1.7390539999760222,5.0,10000.0,level_05,0.8146431478536577,1.9774468894523338,1.0,0.0
random_random_s701_i20,extreme_point_best_fit,65ec46c718f1370c45807621c69731ecd5081a470ca3c8dca6b26c6f8f593a90,0.3374055000022053,1.0,2000.0,level_03,0.306641099974513,2.0,4000.0,level_04,0.6816591999959201,2.0,4000.0,level_05,0.9088206919345083,2.2229870687672895,1.0,0.0
random_random_s701_i20,extreme_point_ffd,65ec46c718f1370c45807621c69731ecd5081a470ca3c8dca6b26c6f8f593a90,0.3318890999944415,1.0,2000.0,level_03,0.279735799995251,2.0,4000.0,level_04,0.5168951000086963,2.0,4000.0,level_05,0.8428592562995773,1.84779745752053,1.0,0.0
random_random_s701_i20,maximal_space_best_fit,65ec46c718f1370c45807621c69731ecd5081a470ca3c8dca6b26c6f8f593a90,0.3470968000183347,1.0,2000.0,level_03,0.2936251999926753,2.0,4000.0,level_04,0.5751525000086986,2.0,4000.0,level_05,0.8459461452170263,1.9587981550052456,1.0,0.0
random_random_s701_i200,extreme_point_best_fit,dc791667138510e047fd271915cfb4dd865b3e0f1d4f594f34cadba94c5d1560,2.8884246999805328,9.0,18000.0,level_03,5.412238400022034,10.0,20000.0,level_04,7.476239000010537,10.0,20000.0,level_05,1.8737682170002599,1.3813580347791221,1.0,0.0
random_random_s701_i200,extreme_point_ffd,dc791667138510e047fd271915cfb4dd865b3e0f1d4f594f34cadba94c5d1560,2.362505700002657,8.0,16000.0,level_03,3.644347699999344,10.0,20000.0,level_04,6.144587599992519,10.0,20000.0,level_05,1.5425773152611846,1.6860596479292098,2.0,0.0
random_random_s701_i200,maximal_space_best_fit,dc791667138510e047fd271915cfb4dd865b3e0f1d4f594f34cadba94c5d1560,2.269092800008366,8.0,16000.0,level_03,2.223020200006431,8.0,16000.0,level_04,3.1434594000165816,8.0,16000.0,level_05,0.9796955858298236,1.414048959162624,0.0,0.0
random_random_s701_i300,extreme_point_best_fit,df25a2deae9d21c6b36c3dadd734e45e5400feabbe9a04872f5aa7a7d1a24704,5.134392099978868,12.0,24000.0,level_03,4.6177078000037,13.0,26000.0,level_04,8.654674999997951,13.0,26000.0,level_05,0.8993679699730579,1.874236174058267,1.0,0.0
random_random_s701_i300,extreme_point_ffd,df25a2deae9d21c6b36c3dadd734e45e5400feabbe9a04872f5aa7a7d1a24704,4.313410700007808,12.0,24000.0,level_03,4.092202500003623,13.0,26000.0,level_04,7.3756532999977935,13.0,26000.0,level_05,0.9487161748813334,1.8023676247671672,1.0,0.0
random_random_s701_i300,maximal_space_best_fit,df25a2deae9d21c6b36c3dadd734e45e5400feabbe9a04872f5aa7a7d1a24704,3.2637839000090025,11.0,22000.0,level_03,2.868508699990344,12.0,24000.0,level_04,3.9932406000152696,12.0,24000.0,level_05,0.8788905110973897,1.392096387934508,1.0,0.0
random_random_s701_i50,extreme_point_best_fit,657b717f3956fe9936f5968ec5a997b378021c5d6954817282810d2de525eb4a,0.4981041999999434,2.0,4000.0,level_03,0.5761277000128757,4.0,8000.0,level_04,1.0363911999738775,4.0,8000.0,level_05,1.1566409197371579,1.7988914609568598,2.0,0.0
random_random_s701_i50,extreme_point_ffd,657b717f3956fe9936f5968ec5a997b378021c5d6954817282810d2de525eb4a,0.5148476000176743,2.0,4000.0,level_03,0.5118249999941327,4.0,8000.0,level_04,0.8781667999865022,4.0,8000.0,level_05,0.9941291364212675,1.7157559712725425,2.0,0.0
random_random_s701_i50,maximal_space_best_fit,657b717f3956fe9936f5968ec5a997b378021c5d6954817282810d2de525eb4a,0.5141243999823928,2.0,4000.0,level_03,0.4852479000110179,3.0,6000.0,level_04,0.8115087999904063,3.0,6000.0,level_05,0.943833632536476,1.6723592208683034,1.0,0.0
random_random_s701_i500,extreme_point_best_fit,5027691c96ebbbc563a3bab5779118c70d3603313feb48b81af15635fb824664,8.266110399999889,19.0,38000.0,level_03,8.86643880000338,21.0,42000.0,level_04,9.261127300007502,21.0,42000.0,level_05,1.0726252579451998,1.0445148846010162,2.0,0.0
random_random_s701_i500,extreme_point_ffd,5027691c96ebbbc563a3bab5779118c70d3603313feb48b81af15635fb824664,6.984609200007981,19.0,38000.0,level_03,12.806152099976316,21.0,42000.0,level_04,7.805090799985919,21.0,42000.0,level_05,1.8334815496852255,0.6094797827678741,2.0,0.0
random_random_s701_i500,maximal_space_best_fit,5027691c96ebbbc563a3bab5779118c70d3603313feb48b81af15635fb824664,5.384277500008466,19.0,38000.0,level_03,8.245705100009218,20.0,40000.0,level_04,4.814940799988108,20.0,40000.0,level_05,1.5314413307999546,0.5839331799511875,1.0,0.0
random_random_s809_i100,extreme_point_best_fit,ac0189fb4eebeaaa3212c43bcc254a8d54ba77603f4e9fa1031ed73dc4f5e48a,1.2434076000063214,4.0,8000.0,level_03,1.117033599992283,5.0,10000.0,level_04,2.067291599989403,5.0,10000.0,level_05,0.8983647839908683,1.8506977766861132,1.0,0.0
random_random_s809_i100,extreme_point_ffd,ac0189fb4eebeaaa3212c43bcc254a8d54ba77603f4e9fa1031ed73dc4f5e48a,1.098351399996318,4.0,8000.0,level_03,1.1941320000041742,5.0,10000.0,level_04,1.0269141999888234,5.0,10000.0,level_05,1.0872039676993879,0.8599670723045976,1.0,0.0
random_random_s809_i100,maximal_space_best_fit,ac0189fb4eebeaaa3212c43bcc254a8d54ba77603f4e9fa1031ed73dc4f5e48a,1.0001735000114422,4.0,8000.0,level_03,1.068919100012863,5.0,10000.0,level_04,0.9410940000088884,5.0,10000.0,level_05,1.0687336747080725,0.8804164880181892,1.0,0.0
random_random_s809_i20,extreme_point_best_fit,461d7148b1ab7a1dbe89fd44c78565096ee08167472c94ddda72072e545bd938,0.3585868999944068,1.0,2000.0,level_03,0.3061912000121083,2.0,4000.0,level_04,0.6773506999888923,2.0,4000.0,level_05,0.8538828384887576,2.2121821265996755,1.0,0.0
random_random_s809_i20,extreme_point_ffd,461d7148b1ab7a1dbe89fd44c78565096ee08167472c94ddda72072e545bd938,0.3543651000072714,1.0,2000.0,level_03,0.2909740000031888,2.0,4000.0,level_04,0.5392903000174556,2.0,4000.0,level_05,0.8211135915958376,1.8533968671137129,1.0,0.0
random_random_s809_i20,maximal_space_best_fit,461d7148b1ab7a1dbe89fd44c78565096ee08167472c94ddda72072e545bd938,0.31416999999783,1.0,2000.0,level_03,0.3059333999990485,2.0,4000.0,level_04,0.5284765000105835,2.0,4000.0,level_05,0.9737829837386179,1.7274233542732738,1.0,0.0
random_random_s809_i200,extreme_point_best_fit,961f553d5308e95ed62bfa705e6554e5ac6786ce6f5aa83dddb82d832aee1d7a,2.8709015999920666,8.0,16000.0,level_03,2.720095399999991,9.0,18000.0,level_04,5.154728800000157,9.0,18000.0,level_05,0.9474707875768044,1.895054416106205,1.0,0.0
random_random_s809_i200,extreme_point_ffd,961f553d5308e95ed62bfa705e6554e5ac6786ce6f5aa83dddb82d832aee1d7a,2.3289194000244606,8.0,16000.0,level_03,2.190380899992306,9.0,18000.0,level_04,4.0387682000000495,9.0,18000.0,level_05,0.9405138279879073,1.8438656947813217,1.0,0.0
random_random_s809_i200,maximal_space_best_fit,961f553d5308e95ed62bfa705e6554e5ac6786ce6f5aa83dddb82d832aee1d7a,1.9520903000084215,7.0,14000.0,level_03,1.801346399995964,8.0,16000.0,level_04,3.090004500001669,9.0,18000.0,level_05,0.9227782136862177,1.7153860579001308,1.0,1.0
random_random_s809_i300,extreme_point_best_fit,4da8725150371d9b3360c0183c0cfd8f7ac32162f4649278d2d51dfff93eab1f,5.405433300009463,12.0,24000.0,level_03,5.104529900010675,13.0,26000.0,level_04,9.030215899983888,13.0,26000.0,level_05,0.9443331582690585,1.769059262433746,1.0,0.0
random_random_s809_i300,extreme_point_ffd,4da8725150371d9b3360c0183c0cfd8f7ac32162f4649278d2d51dfff93eab1f,4.622325000003912,12.0,24000.0,level_03,4.29983970001922,13.0,26000.0,level_04,7.504489000013564,13.0,26000.0,level_05,0.9302330969837864,1.7452950629717707,1.0,0.0
random_random_s809_i300,maximal_space_best_fit,4da8725150371d9b3360c0183c0cfd8f7ac32162f4649278d2d51dfff93eab1f,3.322181899973657,11.0,22000.0,level_03,3.0269464000011794,12.0,24000.0,level_04,5.146492200001376,12.0,24000.0,level_05,0.9111320484965563,1.7002257456555459,1.0,0.0
random_random_s809_i50,extreme_point_best_fit,f9281f924885a2d993a6cedee870cedf9516ecb2b551d8de6b69cd00e23cead2,0.5496797999949194,2.0,4000.0,level_03,0.5996657999930903,3.0,6000.0,level_04,0.9996378000068944,3.0,6000.0,level_05,1.0909365779834603,1.6669915143041554,1.0,0.0
random_random_s809_i50,extreme_point_ffd,f9281f924885a2d993a6cedee870cedf9516ecb2b551d8de6b69cd00e23cead2,0.5455549999896903,2.0,4000.0,level_03,0.5257661000068765,3.0,6000.0,level_04,0.8562045999860857,3.0,6000.0,level_05,0.9637270303027418,1.6284895507239576,1.0,0.0
random_random_s809_i50,maximal_space_best_fit,f9281f924885a2d993a6cedee870cedf9516ecb2b551d8de6b69cd00e23cead2,0.5291511999967042,2.0,4000.0,level_03,0.5019428000086918,3.0,6000.0,level_04,0.8600084999925457,3.0,6000.0,level_05,0.9485810483125015,1.7133595700100757,1.0,0.0
random_random_s809_i500,extreme_point_best_fit,5c91a8134306a0e2f7e6df2b4b6c81a91fa05d56e71fc3867a0a951a0ff20171,10.389340500027174,20.0,40000.0,level_03,18.40169800000149,22.0,44000.0,level_04,11.4725405999925,22.0,44000.0,level_05,1.7712094429818097,0.6234501077015595,2.0,0.0
random_random_s809_i500,extreme_point_ffd,5c91a8134306a0e2f7e6df2b4b6c81a91fa05d56e71fc3867a0a951a0ff20171,9.265039600024464,20.0,40000.0,level_03,16.308441599976504,22.0,44000.0,level_04,9.597585300012724,22.0,44000.0,level_05,1.7602128327582587,0.5885041339588543,2.0,0.0
random_random_s809_i500,maximal_space_best_fit,5c91a8134306a0e2f7e6df2b4b6c81a91fa05d56e71fc3867a0a951a0ff20171,5.635020999994595,19.0,38000.0,level_03,8.772921800002223,20.0,40000.0,level_04,5.671003099996597,20.0,40000.0,level_05,1.5568569842083353,0.6464212527227998,1.0,0.0
random_random_s907_i100,extreme_point_best_fit,f5a35997535b6abb6611186961e5971cc2242e142550d2b054754670070b4f1c,1.1334131000039631,4.0,8000.0,level_03,1.872492599999532,6.0,12000.0,level_04,2.785318100010045,6.0,12000.0,level_05,1.6520830754408826,1.4874921802151533,2.0,0.0
random_random_s907_i100,extreme_point_ffd,f5a35997535b6abb6611186961e5971cc2242e142550d2b054754670070b4f1c,1.0465231999987736,4.0,8000.0,level_03,1.7871178000059444,6.0,12000.0,level_04,2.2523718000156805,6.0,12000.0,level_05,1.7076714591783906,1.26033762296374,2.0,0.0
random_random_s907_i100,maximal_space_best_fit,f5a35997535b6abb6611186961e5971cc2242e142550d2b054754670070b4f1c,0.9599525000085124,4.0,8000.0,level_03,1.0907854000106454,5.0,10000.0,level_04,1.3437435000087137,5.0,10000.0,level_05,1.1362910144001634,1.2319045524404706,1.0,0.0
random_random_s907_i20,extreme_point_best_fit,258b350fa719637c09ec2f7946463e427083eff40d943d35ac79b44537970c74,0.3244552999967709,1.0,2000.0,level_03,0.3132629999890923,2.0,4000.0,level_04,0.5871095999900717,2.0,4000.0,level_05,0.965504339094507,1.8741747350006692,1.0,0.0
random_random_s907_i20,extreme_point_ffd,258b350fa719637c09ec2f7946463e427083eff40d943d35ac79b44537970c74,0.3119828999915626,1.0,2000.0,level_03,0.2987229000136722,2.0,4000.0,level_04,0.576937400008319,2.0,4000.0,level_05,0.9574976706151235,1.9313464082663674,1.0,0.0
random_random_s907_i20,maximal_space_best_fit,258b350fa719637c09ec2f7946463e427083eff40d943d35ac79b44537970c74,0.334155099990312,1.0,2000.0,level_03,0.3012378999846987,2.0,4000.0,level_04,0.5765064000152051,2.0,4000.0,level_05,0.9014912535928146,1.9137910603031314,1.0,0.0
random_random_s907_i200,extreme_point_best_fit,b2547446bfad24ea614ec0de32bef0ce9c9dee0f58ab1ddefe44b425ea955ce5,2.7688614999933634,9.0,18000.0,level_03,3.067305500007933,9.0,18000.0,level_04,5.467259500001092,9.0,18000.0,level_05,1.1077858173893078,1.7824307034258415,0.0,0.0
random_random_s907_i200,extreme_point_ffd,b2547446bfad24ea614ec0de32bef0ce9c9dee0f58ab1ddefe44b425ea955ce5,2.4804753999924287,9.0,18000.0,level_03,2.476867499994114,9.0,18000.0,level_04,4.00424410001142,9.0,18000.0,level_05,0.9985454804355949,1.6166565631875487,0.0,0.0
random_random_s907_i200,maximal_space_best_fit,b2547446bfad24ea614ec0de32bef0ce9c9dee0f58ab1ddefe44b425ea955ce5,1.9072720999829471,8.0,16000.0,level_03,1.9236342000076547,9.0,18000.0,level_04,2.8898000000044703,9.0,18000.0,level_05,1.008578796924075,1.502260668890671,1.0,0.0
random_random_s907_i300,extreme_point_best_fit,e3428c71e513e4dc62c41255681a699f41965fc9600ff75b17cb0c5fcede43bc,4.8074887999973726,12.0,24000.0,level_03,6.905639700009488,14.0,28000.0,level_04,9.116377099999228,14.0,28000.0,level_05,1.4364338612735326,1.3201350629380075,2.0,0.0
random_random_s907_i300,extreme_point_ffd,e3428c71e513e4dc62c41255681a699f41965fc9600ff75b17cb0c5fcede43bc,3.580518500006292,12.0,24000.0,level_03,8.230165300017688,14.0,28000.0,level_04,7.235561400011647,14.0,28000.0,level_05,2.2985959435772294,0.8791514065939958,2.0,0.0
random_random_s907_i300,maximal_space_best_fit,e3428c71e513e4dc62c41255681a699f41965fc9600ff75b17cb0c5fcede43bc,3.1671439000056125,11.0,22000.0,level_03,5.358609599992633,12.0,24000.0,level_04,5.0169964999950025,12.0,24000.0,level_05,1.6919375213684282,0.9362496756624891,1.0,0.0
random_random_s907_i50,extreme_point_best_fit,44ae1b77537be0db014e279825478f38a569dd0e16b7aca86f836ab8ed168fbb,0.7079701999900863,3.0,6000.0,level_03,0.5691965000005439,4.0,8000.0,level_04,1.0679981999855954,4.0,8000.0,level_05,0.8039836987609286,1.8763260139241456,1.0,0.0
random_random_s907_i50,extreme_point_ffd,44ae1b77537be0db014e279825478f38a569dd0e16b7aca86f836ab8ed168fbb,0.6664231999893673,3.0,6000.0,level_03,0.5679936000087764,4.0,8000.0,level_04,0.90718989999732,4.0,8000.0,level_05,0.8523016605932067,1.5971833133037106,1.0,0.0
random_random_s907_i50,maximal_space_best_fit,44ae1b77537be0db014e279825478f38a569dd0e16b7aca86f836ab8ed168fbb,0.6213315000059083,3.0,6000.0,level_03,0.48999719999847,3.0,6000.0,level_04,0.8514674000034574,3.0,6000.0,level_05,0.7886244299440968,1.737698501146774,0.0,0.0
random_random_s907_i500,extreme_point_best_fit,d9a2002a7af748829a19c2971c67b3dac785fa277e230d564fc5705457793551,10.215225699997973,20.0,40000.0,level_03,18.27587620000122,22.0,44000.0,level_04,19.232682499976363,22.0,44000.0,level_05,1.7890819778954907,1.0523535117826568,2.0,0.0
random_random_s907_i500,extreme_point_ffd,d9a2002a7af748829a19c2971c67b3dac785fa277e230d564fc5705457793551,9.631256499997107,20.0,40000.0,level_03,16.25144160000491,22.0,44000.0,level_04,17.1721776999766,22.0,44000.0,level_05,1.6873646340962667,1.056655656933931,2.0,0.0
random_random_s907_i500,maximal_space_best_fit,d9a2002a7af748829a19c2971c67b3dac785fa277e230d564fc5705457793551,5.902649900002871,18.0,36000.0,level_03,8.691213300015079,19.0,38000.0,level_04,6.813173400005326,19.0,38000.0,level_05,1.4724256812200316,0.7839151065356439,1.0,0.0
